Urun_Adi,Kategori,Detay
ŞAHAN Durumsal Farkındalık Kamerası,Genel Özellikler,"ŞAHAN Panoramik Sürücü Görüş Destekli Gece Görüş Cihazı, zırh arkasından çok spektralli geniş görüş alanı (FOV) sağlamak amacıyla birden fazla kızılötesi ve görünür ışık sensörüyle donatılmıştır. Sürüş destek, keşif, gözetleme, kuvvet koruma ve şehir devriyesi alanlarında kullanılır."
ŞAHAN Durumsal Farkındalık Kamerası,Termal Kamera Teknik Özellikleri,"Dedektör: 640x512 Soğutmasız VOx LWIR FPA. Piksel Büyüklüğü: 12 mikrometre. NETD: 40 mK'den küçük. FOV (Görüş Alanı): 130 derece x 38 derece. MRTD: 300mK'den küçük."
ŞAHAN Durumsal Farkındalık Kamerası,Düşük Işık TV Kamerası Teknik Özellikleri,"Dedektör: CMOS Renkli Düşük Işık. Çözünürlük: 1920x1080. Piksel Büyüklüğü: 2.9 mikrometre. Dalga Boyu: 400-1100 nm. FOV (Görüş Alanı): 130 derece x 40 derece."
ŞAHAN Durumsal Farkındalık Kamerası,Çevresel Özellikler,"Çalışma Sıcaklığı: -32°C ile 55°C arası. Depolama Sıcaklığı: -40°C ile 75°C arası. Nem: 40°C'de %95. Titreşim ve Şok: MIL-STD-810G standartlarında. IP Seviyesi: IP67 (Suya ve toza dayanıklı). Boyut: 230x144x105 mm. Ağırlık: 5 kg'dan az."
ŞAHAN Durumsal Farkındalık Kamerası,Elektriksel Özellikler,"Video Çıkışı ve İletişim: Ethernet üzerinden. Çalışma Voltajı: 18-32 VDC, 20W. EMI ve EMC standartları: MIL-STD-461F, MIL-STD-1275E."
NOXIS Renkli Dijital Gece Görüş Monoküleri,Genel Özellikler,"NOXIS serisi, küçük boyutlu, hafif yapılı ve yüksek çözünürlüklü, kask ve silah üzerine monte edilebilen dijital renkli gece görüş monoküler cihazdır. Bireysel muharebe, kask destekli gece yürüyüşü, askeri gözetleme, sınır savunması ve gümrük kontrolü gibi alanlarda kullanılır. İçerisindeki nişangah sayesinde tüfek üzerine monte edilerek silah dürbünü olarak da kullanılabilir."
NOXIS Renkli Dijital Gece Görüş Monoküleri,Optik ve Sensör Özellikleri,"Sensör tipi CMOS, çözünürlüğü 1920x1080 piksel, spektral aralığı 400-1100 nm ve piksel boyutu 10 mikrometredir. Cihaz 50 Hz FPS, 23 mm odak uzaklığı, 45.4 derece x 26.3 derece FOV (Görüş Alanı), manuel odaklama ve 1X büyütme oranına sahiptir. OLED ekran çözünürlüğü 1920x1080'dir."
NOXIS Renkli Dijital Gece Görüş Monoküleri,Fiziksel ve Çevresel Özellikler,"Cihazın boyutu 120 x 90 x 65 mm ve ağırlığı 250 gramdan azdır. IP67 suya ve toza dayanıklılık seviyesine, MIL-STD-810 titreşim ve darbe standardına sahiptir. Yüzde 95 nemde (40 derecede) çalışabilir. Silah montajı için Picatinny Ray, kask montajı için ise kask desteği bulunur."
NOXIS Renkli Dijital Gece Görüş Monoküleri,Güç ve Batarya Özellikleri,"Batarya olarak 18650 tipi 3.7V 2200mAH pil kullanır. Çalışma süresi 5 saatten fazladır ve açılış süresi 3 saniyeden kısadır. 1064 nm IR aydınlatma desteği mevcuttur."
NEBULA Füzyon Sürüş Kamerası,Genel Özellikler,"NEBULA serisi termal kameralar, askeri sınıf IRFPA soğutmasız termal görüntüleme dedektörleri ve düşük ışık CMOS sensörleri kullanır. Tam karanlık, yoğun duman, sis ve zorlu hava koşullarında araç üstü termal kamera ile sürüşün kesintisiz devam etmesini sağlar. Füzyon teknolojisi sayesinde yola ait tüm detayları algılar ve derinlik hissi sunar."
NEBULA Füzyon Sürüş Kamerası,Termal Kamera Teknik Özellikleri,"Dedektör olarak 640x512 Soğutmasız VOx LWIR FPA kullanır. Piksel büyüklüğü 12 mikrometredir. NETD değeri 40 mK'den, MRTD değeri ise 300mK'den küçüktür. FOV (Görüş Alanı) 45 derece x 38 derecedir."
NEBULA Füzyon Sürüş Kamerası,Düşük Işık TV Kamerası Özellikleri,"Dedektör olarak CMOS Color Low Light (Renkli Düşük Işık) sensörü kullanır. Çözünürlüğü 800x600 pikseldir. Minimum aydınlatma değeri 0.001 lux, dalga boyu 400-1100 nm ve FOV (Görüş Alanı) 45 derece x 38 derecedir."
NEBULA Füzyon Sürüş Kamerası,Elektriksel Özellikler,"Video çıkışı olarak SDI, Ethernet ve PAL Analog destekler. Çalışma voltajı 12-32 VDC, güç tüketimi 6W'dır. EMI ve EMC standartları olarak MIL-STD-461F ve MIL-STD-1275E uyumludur."
NEBULA Füzyon Sürüş Kamerası,Çevresel ve Fiziksel Özellikler,"Çalışma sıcaklığı -32°C ile 55°C, depolama sıcaklığı ise -40°C ile 75°C arasındadır. Boyutu 80x50x46 mm ve ağırlığı 570 gramdan azdır. IP67 standardına sahiptir ve MIL-STD-810G titreşim ve şok dayanıklılığı testlerinden geçmiştir."
TUNAY Dijital Gece Görüş Monoküleri,Genel Özellikler,"TUNAY, dijital bir gece görüş monoküleri olup, 2/3 inç ikinci nesil yüksek performanslı sCMOS katı hal görüntü sensörü kullanır. Bu sensör, yüksek hassasiyet ve üstün güvenilirlik sağlar. Cihaz, yıldız ışığı gibi çok düşük aydınlatma koşullarında düşük gecikmeli, yüksek hızlı, net ve kesintisiz görüntüleme yeteneğine sahiptir. Aynı zamanda yoğun ışıklı ortamlarda da sorunsuz çalışarak, gündüz ve gece kullanımına olanak tanır ve düşük ışık görüntülerini gerçek zamanlı olarak çıkış verebilir."
TUNAY Dijital Gece Görüş Monoküleri,Cihaz Parametreleri,"Görüntü Sensörü Boyutu: 2/3 inç. Spektral Tepki Aralığı: 400nm - 1100nm. Görüntü Çözünürlüğü: 800x600. Piksel Boyutu: 10.8 mikrometre. Minimum Aydınlatma: 0.0001Lx. OLED Ekran Çözünürlüğü: 800x600. Kare Hızı: 50Hz/100Hz."
TUNAY Dijital Gece Görüş Monoküleri,Optik Parametreler,"Objektif Lens Odak Uzaklığı: 12mm. F/#: F1.2. FOV: 40 derece x 30 dereceden büyük. Çıkış Çapı: 8mm. Göz Mesafesi: 20mm. Büyütme Oranı: 1x. Minimum Objektif Odaklama Mesafesi: 25 mm. Diyoptri: -4D ile +4D arası."
TUNAY Dijital Gece Görüş Monoküleri,Genel Parametreler ve Fiziksel Özellikler,"Açılış Süresi: 4 saniyeden az. Batarya: 16340, CR123A veya 18650. Çalışma Süresi: 14 saatten fazla. Boyut: 105x57x66 mm (18650 ile) veya 87x57x66 mm (16340/CR123A ile). Mekanik Arayüz: L4G24 VE J-Arm. Elektriksel Arayüz: 9 Pimli Havacılık Tipi Soket. IP Seviyesi: IP67. Ağırlık: 286 g'dan az (18650 pil ile), 250 g'dan az (16340/CR123A pil ile)."
TUNAY Dijital Gece Görüş Monoküleri,Çevresel Özellikler ve Performans,"Çalışma Sıcaklığı: -32°C ile +60°C arası. Depolama Sıcaklığı: -40°C ile +70°C arası. İnsan için TTT: 633m (Tespit), 312m (Teşhis), 156m (Tanıma). Araç için TTT: 843m (Tespit), 422m (Teşhis), 211m (Tanıma)."
AURA Monoküler Gece Görüş Gözlüğü,Genel Özellikler,"AURA monoküler gece görüş gözlüğü, süper ikinci nesil düşük ışık tüpleri kullanır. Güvenilir ve üstün performansı, kompakt boyutu ve ultra hafif tasarımı ile yüksek çözünürlüklü görüntüler sunarak, durumsal farkındalığı etkin bir şekilde artırır."
AURA Monoküler Gece Görüş Gözlüğü,Optik Parametreler,"Büyütme Oranı: 1x. Odaklama Aralığı: 0.25m'den sonsuza. Diyoptri Ayarı: -4 ile +2 arası. Lens Sistemi: F/1.2. FOV: 43 derece. Eye Relief (Göz Mesafesi): 25 mm."
AURA Monoküler Gece Görüş Gözlüğü,Performans ve Tüp Özellikleri,"Güç Kaynağı: AA Pil. Çalışma Süresi: 55 saat. IR Aydınlatıcı: Evet. Parlak Işık Koruması: Evet. Katlanarak Otomatik Açma/Kapama: Evet. Çözünürlük: 64 Lp/mm. SNR: 22. Fosfor: P43 Yeşil Fosfor veya P45 Beyaz Fosfor."
AURA Monoküler Gece Görüş Gözlüğü,Fiziksel Özellikler,"Boyut: 96x58x69mm. Ağırlık: 255g. IP Seviyesi: IP67. Arayüz: L4G24 VE J-Arm."
FOCUS Binoküler Gece Görüş Gözlüğü,Genel Özellikler,"FOCUS binoküler gece görüş gözlüğü, süper ikinci nesil düşük ışık tüpleri kullanır. Güvenilir ve üstün performansı, kompakt boyutu ve ultra hafif tasarımı sayesinde, yüksek çözünürlüklü görüntüler sunarak durumsal farkındalığı ve kişisel koruma yeteneğini etkili bir şekilde artırır."
FOCUS Binoküler Gece Görüş Gözlüğü,Optik Parametreler,"Büyütme Oranı: 1x. Odaklama Aralığı: 0.25m'den sonsuza. Diyoptri Ayarı: -4 ile +2 arası. Lens Sistemi: F/1.2. FOV: 43 derece. Eye Relief (Göz Mesafesi): 25 mm."
FOCUS Binoküler Gece Görüş Gözlüğü,Performans ve Tüp Özellikleri,"Güç Kaynağı: AA Pil. Çalışma Süresi: 20 saat. IR Aydınlatıcı: Evet. Parlak Işık Koruması: Evet. Katlanarak Otomatik Açma/Kapama: Evet. Yana Katlanarak Otomatik Açma/Kapama: Evet. IPD Ayarlama: 55-75mm. Çözünürlük: 64 Lp/mm. Sinyal/Gürültü Oranı (SNR): 22. Fosfor: P43 Yeşil Fosfor veya P45 Beyaz Fosfor."
FOCUS Binoküler Gece Görüş Gözlüğü,Fiziksel Özellikler,"Boyut: 110x97x90mm. Ağırlık: 470g. IP Seviyesi: IP67. Arayüz: L4G24."
ODAK Füzyon Gece Görüşlü Binoküler Dürbün,Genel Özellikler,"ODAK, binoküler stereoskopik görüntüleme ile termal görüntüleme teknolojisini birleştirerek yeni nesil füzyon gece görüş teknolojisini kullanır. Bu entegrasyon, kullanıcıların hedefleri hızla ayırt etmesini ve potansiyel tehditleri tanımlamasını sağlar. Böylece, operasyon sırasında durumsal farkındalık ve öz savunma yetenekleri önemli ölçüde artar."
ODAK Füzyon Gece Görüşlü Binoküler Dürbün,Optik Parametreler,"Büyütme Oranı: 1x. Çıkış Çapı: 20mm. Ayar: -1.5. Lens: 25mm F/1.2. FOV: 40 derece. Çözünürlük: 640 x 512."
ODAK Füzyon Gece Görüşlü Binoküler Dürbün,Sensör ve Ekran Özellikleri,"Piksel Büyüklüğü: 12 mikrometre. Kare Hızı: 50Hz. Sensör Lensi: 16mm F1.1. Sensör FOV: 25.8 x 19.1. OLED Ekran Çözünürlüğü: 800 x 600. IP Seviyesi: IP67."
ODAK Füzyon Gece Görüşlü Binoküler Dürbün,Performans ve Fiziksel Özellikler,"Çalışma Sıcaklığı: -32°C ile +55°C arası. Batarya Tipi: 2 adet 18650. Çalışma Süresi: Füzyon modunda 8 saat, normal modda 60 saat. Boyut: 107x115x85 mm. Ağırlık: 575g."
TALOS-L Füzyon Termal El Dürbünü,Genel Özellikler,"TALOS-L, soğutmasız termal kamera, düşük ışık kamerası, gündüz kamerası, lazer mesafe ölçer ve lazer işaretleyiciyi entegre eden küçük akıllı bir gözlem cihazıdır. Dahili konum modülü, dijital manyetik pusula ve lazer mesafe ölçere sahiptir. Böylece hedefin koordinatlarını hassas bir şekilde bulabilir. Gündüz ve gece gözlem ile hedef arama için kullanılabilir. Hedefler için fotoğraf ve video çekebilir. Kullanımı rahat ve taşınabilirdir."
TALOS-L Füzyon Termal El Dürbünü,Kamera Özellikleri,"Termal Kamera: Soğutmasız VOx FPA dedektör, 640x512 çözünürlük, 8-14 um dalga boyu, 6.1 x 4.8 derece FOV. Düşük Işık Kamerası: 800x600 çözünürlük, 0.001 lux minimum aydınlatma, 6.8 x 5.5 derece FOV. Gündüz Kamerası: 4.6 Megapiksel çözünürlük, 4.6 x 3.7 derece FOV."
TALOS-L Füzyon Termal El Dürbünü,Konumlandırma ve DMC Özellikleri,"Koordinat Modu: GPS, GNSS, Galileo. Azimut Hassasiyeti: 5 m. Yükseklik Hassasiyeti: 10 m. DMC (Dijital Manyetik Pusula): Yaw 0-360 derece (Hassasiyet 1 derece), Roll -90 ile +90 derece arası (Hassasiyet 1 derece), Pitch -180 ile +180 derece arası (Hassasiyet 1 derece)."
TALOS-L Füzyon Termal El Dürbünü,Fiziksel Özellikler,"Çalışma Sıcaklığı: -32 derece ile +55 derece arası. Ağırlık: 2.3 kg. Boyutlar: 198x210x105 mm."
KOZGU Holografik Füzyon Termal Silah Nişangâhı,Genel Özellikler,"KOZGU, termal görüntüleme ile red dot (kırmızı nokta) teknolojisini birleştiren ve her koşulda kullanılmak üzere silah sistemlerine entegre edilen bir ekipmandır. 12 mikrometre piksel büyüklüğüne sahip, 640x512 çözünürlüklü, 25 mK NETD değerinden küçük üstün hassasiyetli termal sensör ile donatılmıştır. Gelişmiş çok katmanlı kaplama teknolojisi sayesinde gündüz kullanımında da mükemmel görüntü kalitesi sağlar. İsteğe bağlı 3x büyütmeli mercek kullanılabilir. Gündüz kamuflaj tespiti, duman/sis içinde yön bulma veya karanlık ortamlarda termal görüş gibi her senaryoya uygun dört farklı görüntü modu sunar."
KOZGU Holografik Füzyon Termal Silah Nişangâhı,Teknik ve Optik Parametreler,"Dedektör: 640x512/388x284, 12 mikrometre, VOx. NETD: 25 mK'ye eşit veya daha küçük. Lens: f25mm/F1.0. FOV: 17.5 derece x 14 derece. İnsan için DRI: Tespit 990m, Teşhis 330m, Tanıma 165m. Büyütme Oranı: 1X. Göz Merceği: 34x25 mm. Göz Mesafesi: 90 mm. Ekran: Yüksek Parlaklıklı OLED."
KOZGU Holografik Füzyon Termal Silah Nişangâhı,Fiziksel ve Çevresel Özellikler,"Renk: Siyah. Batarya: 2 adet CR123. Çalışma Süresi: Termal modda 4 saatten fazla, Red Dot modunda 65 saatten fazla. Ağırlık: 650 gr. Boyut: 175x63x104 mm. Çalışma Sıcaklığı: -40 derece ile +50 derece arası. IP Seviyesi: IP67. Materyal: Alüminyum."
AVCI Termal Sürüş Kamerası,Genel Özellikler,"AVCI serisi termal kameralar, askeri sınıf IRFPA soğutmasız termal görüntüleme dedektörleri kullanır. Araç Üstü Termal Kamera ve Gelişmiş Sürücü Destek Sistemleri, tam karanlık, yoğun duman, sis ve diğer olumsuz hava koşullarında sürüşün devam etmesini sağlar. Sürücülerin beklenmedik engellerden kaçınmasına yardımcı olarak güvenli bir sürüş imkanı sunar."
AVCI Termal Sürüş Kamerası,Teknik Parametreler,"Dedektör: Soğutmasız VOx FPA. Çözünürlük: 640x512. Piksel Büyüklüğü: 12 mikrometre. Dalga Boyu: 8-14 um. NETD: 40 mK'den küçük. FOV: 45.8 derece x 37.5 derece. MRTD: 300mK'den küçük (0.38 cyc/mrad). Video Çıkışı: Analog PAL, Ethernet. Veri Arayüzü: RS422."
AVCI Termal Sürüş Kamerası,Elektriksel ve Çevresel Özellikler,"Çalışma Voltajı: 9-36 VDC. Güç Tüketimi: 6W'dan küçük. Çalışma Sıcaklığı: -32 derece ile 55 derece arası. Depolama Sıcaklığı: -40 derece ile 75 derece arası. Nem: 40 derecede yüzde 95. Titreşim ve Şok: MIL-STD-810. EMI/EMC: MIL-STD-461. IP Seviyesi: IP67. Boyut: 80x50x46 mm. Ağırlık: 570 g'dan az."
TOYGAR İHA Sürüş Kamerası,Genel Özellikler,"TOYGAR, eşi benzeri görülmemiş görüntü kalitesi, üstün ışık hassasiyeti, 3D Gürültü Azaltma, Gerçek Geniş Dinamik Aralık ve Ölü Piksel Düzeltme özellikleri sunar. Ultra Düşük Işık Kamerası, gerçek geniş dinamik aralık boyunca son derece düşük gürültü seviyeleriyle görüntü kalitesini artırır. Güneşe karşı uçarken detaylı görüntü sağlayabilen Gerçek Geniş Dinamik Aralık desteği mevcuttur."
TOYGAR İHA Sürüş Kamerası,Kamera ve Ağ Özellikleri,"Sensör: 1/2.8 inç CMOS Görüntü Sensörü. Odaklama Tipi: Sabit Odak. FOV: 115 derece veya 145 derece (Opsiyonel). Çözünürlük: 2MP. SNR: 76dB'den büyük. Minimum Aydınlatma: 1 mililux'ta Tam Renkli Görüntü. Kazanç Kontrolü: Otomatik veya Manuel. FPS: 30Hz. Lens: 4.2 mm F1.0. ONVIF: ONVIF2.4. Video Sıkıştırma: H265, H264, MJPEG. Bit Hızı: CBR, VBR 32Kbps-10Mbps. Ağ: TCP/IP, HTTP, DHCP, UDP, RTP, RTSP, ARP, DDNS, DNS, HTTPS, P2P."
TOYGAR İHA Sürüş Kamerası,Elektriksel ve Fiziksel Özellikler,"Güç: 12-32 VDC, Tipik 12 VDC 0.2A. Materyal: Havacılık Alüminyumu. Ön Cam: Isıtıcı ve Buğu Önleyici destekler. IP Seviyesi: IP67. Boyut: 80x53x53 mm. Konnektör: D38999/23YA35PN, hermetik sızdırmaz. Ağırlık: Yaklaşık 240g. Çalışma Sıcaklığı: -32 derece ile +55 derece arası."
BARBAROS Renkli Dijital Gece Görüş Deniz Navigasyon Kamerası,Genel Özellikler,"BARBAROS, Lasersan'ın patentli CMOS sensörü etrafında tasarlanmış ultra düşük ışıkta çalışan bir deniz navigasyon kamerasıdır. Ay ışığı olmayan gece ortamlarında, termal kameralara veya beyaz ışığa ihtiyaç duymadan engellerin fark edilmesini ve güvenli seyri sağlar. Deniz sınıfı koruma sertifikasına sahiptir. Canlı görüntüleme ve büyük markaların MFD cihazlarıyla entegre olabilme özelliğine sahiptir."
BARBAROS Renkli Dijital Gece Görüş Deniz Navigasyon Kamerası,Teknik Özellikler,"Sensör: 1/1.8 inç CMOS. Çözünürlük: 2MP. Minimum Aydınlatma: Renkli 0.0001Lux. Görünür Spektrum: 400-1200NM. Odaklama Aralığı: 1 metreden sonsuza. Odaklama Türü: Sabit Odak F0.9. FOV: 86 derece x 48 derece. Kazanç Kontrolü: Otomatik ve Manuel. Dinamik Aralık: 76dB. Sinyal/Gürültü Oranı: 45dB. Güç: 12 VDC 1.0A. Çalışma Sıcaklığı: -32 derece ile +55 derece arası. IP Seviyesi: IP67. Materyal: Alüminyum. Tuz Sisi Testi: ASTM B117."
BARBAROS Renkli Dijital Gece Görüş Deniz Navigasyon Kamerası,Video ve Ses,"Ağ Protokolleri: IPv4, IPv6, HTTP, HTTPS, TCP, UDP vb. Video Çıkışı: CVBS, ETHERNET. API: ONVIF, HTTP API, SDK. Kullanıcı: 20 kullanıcıya kadar 2 seviye (Yönetici, Kullanıcı). Güvenlik: Kullanıcı kimlik doğrulaması, IP/MAC adres filtreleme, IEEE 802.1x ağ erişim kontrolü. Web Tarayıcı: IE, EDGE, Firefox, Chrome."
MIRACLE Ultra Düşük Işık Sürüş Kamerası,Genel Özellikler,"MIRACLE, yeni nesil ultra düşük ışık geniş açılı renkli sürüş kamerasıdır. Benzersiz görüntü kalitesi, yüksek ışık hassasiyeti, 3D gürültü azaltma, gerçek geniş dinamik aralık (WDR) ve ölü piksel düzeltme özellikleri sunar. Önceki nesillere kıyasla gürültü seviyesini büyük ölçüde düşürerek gerçek geniş dinamik aralıkta net görüntüler sağlar."
MIRACLE Ultra Düşük Işık Sürüş Kamerası,Kamera Özellikleri,"Sensör: CMOS. Odak Tipi: Sabit. FOV: 86 derece x 48 derece. Çözünürlük: Full HD 1920x1080. Sinyal Gürültü Oranı (SNR): 45dB'den büyük. Minimum Aydınlatma: 1mlux'ta Tam Renkli. Kazanç Kontrolü: Otomatik. Kare Hızı: 25 Hz. AWB, AE, R-WDR ve 3D-NR destekler."
MIRACLE Ultra Düşük Işık Sürüş Kamerası,Ekran ve Çevresel Özellikler,"Ekran Tipi: LCD. Ekran Çözünürlüğü: 1920x1200. Ekran Boyutu: 10.1 inç. Kontrast: 900:1. Parlaklık: 400 cd/m2. Ekran FOV: 80/80/80/80. Güç: 12-32 VDC (Tipik 12 VDC 1.5A). Materyal: Havacılık Alüminyumu. IP Seviyesi: IP67. Çalışma Sıcaklığı: -32 derece ile +55 derece arası. MIL Standartları: MIL-STD-810G, MIL-STD-1275E, MIL-STD-461F."
ALAGÖZ Renkli Gece Görüşlü Stabilize Gimbal,Genel Özellikler,"ALAGÖZ, yapay zeka destekli ISP algoritmasına dayalı görüntü üretimi sağlayan bir gimbaldir. Neredeyse tamamen karanlık ortamlarda (0.0001 lux) net ve gerçek renkli görüntüler görmeyi ve video çekmeyi sağlar. Gece görüşlü zoom kamera, lazer mesafe ölçer ve termal kamerayı tek bir tasarımda birleştirir. Gündüz, gece, yağmurlu veya sisli havalarda ve karmaşık şehir ışığı koşullarında görüntü detay kaybı yaşamadan çalışır."
ALAGÖZ Renkli Gece Görüşlü Stabilize Gimbal,Yapay Zeka ve Termal Kamera Özellikleri,"Yapay Zeka Kamerası Sensörü: 1/1.8 inç CMOS, 4MP 2688x1520P çözünürlük. Minimum Aydınlatma: Renkli 0.0001 Lux. Kare Hızı: 5-30 FPS. Optik Zoom: 30X. Maksimum Zoom: 160X. Termal Kamera Sensörü: Soğutmasız VOx 640x512. Termal Lens: 19 mm. Termal FOV: 23 derece x 18 derece. Lazer Mesafe Ölçer: 5 ile 1500 metre arası ölçüm kapasitesi."
ALAGÖZ Renkli Gece Görüşlü Stabilize Gimbal,Fiziksel ve PTZ Özellikleri,"Açısal Dalgalanma: ±0.008 derece. Dönme Aralığı (PTZ): Pan (Yatay) -120 derece ile +30 derece arası, Tilt (Dikey) ± 320 derece arası dönüş kabiliyetine sahiptir."
YALMAN-150PT Soğutmasız Keşif ve Gözetleme Sistemi,Genel Özellikler,"YALMAN serisi, optik sis giderme, HLC, BLC ve WDR destekleyen eşzamanlı görüntüleme sistemidir. 1 milyon döngü üzerinde motor ömrü ile 24 saat kesintisiz çalışmayı destekler. 0.12 derece tekrarlanabilir konumlandırma hassasiyeti ve güç kesintisinde kendinden kilitlenme sağlayan sonsuz dişli yapısı vardır. ONVIF desteklidir. ASTM B117 / ISO 9227 (2000 saat) korozyon dayanımı, IP66 ve TVS 6000V korumasına sahiptir."
YALMAN-150PT Soğutmasız Keşif ve Gözetleme Sistemi,Sensör ve Optik Özellikleri,"Gündüz Sensörü: 1/1.8 inç Sony CMOS Progressive 4.17 M piksel. Termal Sensör: Vox 640x512. Odak Uzaklığı: Gündüz 6-400 mm, Termal 30-150 mm. Zoom: Gündüz 65X, Termal 5X. FOV: Gündüz 65x40 dereceden 1x0.6 dereceye kadar, Termal 15x12 dereceden 2.9x2.3 dereceye kadar. Minimum Aydınlatma: Renkli 0.001Lux/F1.5."
YALMAN-150PT Soğutmasız Keşif ve Gözetleme Sistemi,PTZ ve Çevresel Özellikler,"Hız: Yatay 0.2-30 derece/sn, Dikey 0.3-13 derece/sn. Menzil: Yatay 360 derece sürekli dönüş, Dikey -45 ile +45 derece arası. Doğruluk: 0.12 derece. Güç: 48V DC, Ortalama 35W, Maksimum 80W. Çalışma Sıcaklığı: -40 derece ile +65 derece arası. Boyut: 380x393x575mm. Ağırlık: 32 kg'a eşit veya daha az."
YALMAN-150PT Soğutmasız Keşif ve Gözetleme Sistemi,Ağ ve Performans Özellikleri,"Ağ Protokolleri: ONVIF, HTTP, RTSP, RTP, TCP, UDP. Sıkıştırma: H.265, H.264, MJPEG. Depolama: TF Kart destekli. Akıllı Gözetim: Hareket algılama, sanal sınır ihlali. Hedef Menzili (NATO Aracı 2.3x2.3m): Tespit 14.500m, Teşhis 4.800m, Tanıma 2.400m."
DELTA-180PT Keşif ve Gözetleme Sistemi,Genel Özellikler,"DELTA-180PT, optik sis giderme, HLC, BLC, WDR destekler. Ağ çıkışı sağlar, soğutmasız LWIR ve görünür kamera aynı web arayüzüne ve analiz özelliklerine sahiptir. 1 milyondan fazla döngü ömrüne sahip motor ile 24 saat kesintisiz çalışmayı destekler. 0.12 derece tekrarlanabilir konumlandırma hassasiyetine sahip sonsuz dişli yapısı ve güç kesintisinde kendinden kilitleme özelliği vardır. ONVIF desteklidir, önde gelen VMS ve ağ cihazlarıyla uyumludur. Korozyon dayanım derecesi ASTM B117 / ISO 9227 standartlarına uygundur, IP66 ve TVS 6000V korumasına sahiptir."
DELTA-180PT Keşif ve Gözetleme Sistemi,Sensör ve Optik Özellikleri,"Gündüz Sensörü: 1/1.8 inç Sony CMOS Progressive 8M piksel. Termal Sensör: Soğutmasız Vox 640x512 (1280x1024 yükseltme). Odak Uzaklığı: Gündüz 6-400 mm, Termal 30-180 mm. Zoom: Gündüz 65X, Termal 5X. FOV: Gündüz 65x40 dereceden 1.1x0.6 dereceye kadar, Termal 14.7x11.7 dereceden 2.4x2.0 dereceye kadar. Sinyal/Gürültü Oranı: 55dB'ye eşit veya büyük. Minimum Aydınlatma: Renkli 0.001Lux/F1.4."
DELTA-180PT Keşif ve Gözetleme Sistemi,PTZ ve Çevresel Özellikler,"Hız: Yatay 0.2-30 derece/sn, Dikey 0.3-13 derece/sn. Menzil: Yatay 360 derece sürekli dönüş, Dikey -45 ile +45 derece arası. Doğruluk: 0.12 derece. Güç: 48V DC, Ortalama 35W, Maksimum 80W. Çalışma Sıcaklığı: -40 derece ile +70 derece arası. Boyut: 380x393x575 mm. Ağırlık: 32 kg'a eşit veya daha az."
DELTA-180PT Keşif ve Gözetleme Sistemi,Ağ ve Performans Özellikleri,"Ağ Protokolleri: ONVIF, HTTP, RTSP, RTP, TCP, UDP. Sıkıştırma: H.265, H.264, MJPEG. Depolama: TF Kart destekli. LRF (Lazer Mesafe Ölçer): 6000 m. Akıllı Video Gözetimi: Hareket, Sanal Sınır İhlali, İzinsiz Giriş vb. Hedef Menzili (İnsan): Tespit 8.900m, Teşhis 3.000m, Tanıma 1.500m. Hedef Menzili (Araç): Tespit 21.500m, Teşhis 7.200m, Tanıma 3.500m."
DELTA-225PT Keşif ve Gözetleme Sistemi,Genel Özellikler,"DELTA-225PT, optik sis giderme, HLC, BLC, WDR destekler. Ağ çıkışı sağlar, soğutmasız LWIR ve görünür kamera aynı web arayüzüne ve analiz özelliklerine sahiptir. 1 milyondan fazla döngü ömrüne sahip motor ile 24 saat kesintisiz çalışmayı destekler. 0.12 derece tekrarlanabilir konumlandırma hassasiyetine sahip sonsuz dişli yapısı ve güç kesintisinde kendinden kilitleme özelliği vardır. ONVIF desteklidir, önde gelen VMS ve ağ cihazlarıyla uyumludur. Korozyon dayanım derecesi ASTM B117 / ISO 9227 standartlarına uygundur, IP66 ve TVS 6000V korumasına sahiptir."
DELTA-225PT Keşif ve Gözetleme Sistemi,Sensör ve Optik Özellikleri,"Gündüz Sensörü: 1/1.8 inç Sony CMOS Progressive 8M piksel. Termal Sensör: Soğutmasız Vox 640x512 (1280x1024 yükseltme). Odak Uzaklığı: Gündüz 6-400 mm, Termal 30-225 mm. Zoom: Gündüz 65X, Termal 5X. FOV: Gündüz 65x40 dereceden 1.1x0.6 dereceye kadar, Termal 14.7x11.7 dereceden 1.9x1.5 dereceye kadar. Sinyal/Gürültü Oranı: 55dB'ye eşit veya büyük. Minimum Aydınlatma: Renkli 0.001Lux/F1.4."
DELTA-225PT Keşif ve Gözetleme Sistemi,PTZ ve Çevresel Özellikler,"Hız: Yatay 0.2-30 derece/sn, Dikey 0.3-13 derece/sn. Menzil: Yatay 360 derece sürekli dönüş, Dikey -45 ile +45 derece arası. Doğruluk: 0.12 derece. Güç: 48V DC, Ortalama 35W, Maksimum 80W. Çalışma Sıcaklığı: -40 derece ile +70 derece arası. Boyut: 380x393x575 mm. Ağırlık: 32 kg'a eşit veya daha az."
DELTA-225PT Keşif ve Gözetleme Sistemi,Ağ ve Performans Özellikleri,"Ağ Protokolleri: ONVIF, HTTP, RTSP, RTP, TCP, UDP. Sıkıştırma: H.265, H.264, MJPEG. Depolama: TF Kart destekli. LRF (Lazer Mesafe Ölçer): 6000 m. Akıllı Video Gözetimi: Hareket, Sanal Sınır İhlali, İzinsiz Giriş vb. Hedef Menzili (İnsan): Tespit 7.150m, Teşhis 2.350m, Tanıma 1.150m. Hedef Menzili (Araç): Tespit 17.250m, Teşhis 5.750m, Tanıma 2.850m."
YALMAN-660PT Soğutmalı Keşif ve Gözetleme Sistemi,Genel Özellikler,"YALMAN-660PT, optik sis giderme, HLC, BLC, WDR destekler. Ağ çıkışı sağlar; MWIR, görünür kamera ve LRF aynı web arayüzüne sahiptir ve analiz desteği sunar. 1 milyondan fazla döngü ömrüne sahip motor ile 24 saat kesintisiz çalışmayı destekler. Tekrarlanabilir konumlandırma hassasiyeti ve güç kesildiğinde kendinden kilitleme özelliği vardır. ONVIF desteklidir. ASTM B117 / ISO 9227 (2000 saat) korozyon dayanımına sahiptir."
YALMAN-660PT Soğutmalı Keşif ve Gözetleme Sistemi,Sensör ve Optik Özellikleri,"Gündüz Sensörü: 1/1.8 inç Sony CMOS Progressive 1920x1080 2M piksel. Termal Sensör: Soğutmalı MCT 640x512 (1280x1024 Yükseltme). Termal NETD: 25mK'ye eşit veya daha küçük. Odak Uzaklığı: Gündüz 15-1200 mm, Termal 33-660 mm. Zoom: Gündüz 80X, Termal 20X. FOV: Gündüz 29.1x16.6 dereceden 0.4x0.2 dereceye kadar, Termal 18.2x14.6 dereceden 0.8x0.7 dereceye kadar. Minimum Aydınlatma: Renkli 0.005Lux/F1.5."
YALMAN-660PT Soğutmalı Keşif ve Gözetleme Sistemi,PTZ ve Çevresel Özellikler,"Hız: Yatay 0.01-120 derece/sn, Dikey 0.01-60 derece/sn. Menzil: Yatay 360 derece sürekli dönüş, Dikey -90 ile +90 derece arası. Güç: 48V DC, Ortalama 100W, Maksimum 200W. Çalışma Sıcaklığı: -32 derece ile +65 derece arası. Koruma Sınıfı: IP66, TVS 6000V Yıldırım Koruması. Boyut: 525x860x625 mm. Ağırlık: 80 kg'a eşit veya daha az."
YALMAN-660PT Soğutmalı Keşif ve Gözetleme Sistemi,Ağ ve Performans Özellikleri,"Ağ Protokolleri: ONVIF, HTTP, RTSP, RTP, TCP, UDP. LRF (Lazer Mesafe Ölçer): 20 km. Akıllı Video Gözetimi: Hareket, Sanal Sınır İhlali, İzinsiz Giriş vb. Hedef Menzili: Tespit 50.600m, Teşhis 16.850m, Tanıma 8.450m."
YALMAN-1100PT Soğutmalı Keşif ve Gözetleme Sistemi,Genel Özellikler,"YALMAN-1100PT, optik sis giderme, HLC, BLC, WDR destekler. Ağ çıkışı sağlar; MWIR, görünür kamera ve LRF aynı web arayüzüne sahiptir ve analiz desteği sunar. 1 milyondan fazla döngü ömrüne sahip motor ile 24 saat kesintisiz çalışmayı destekler. Tekrarlanabilir konumlandırma hassasiyeti ve güç kesildiğinde kendinden kilitleme özelliği vardır. ONVIF desteklidir. ASTM B117 / ISO 9227 (2000 saat) korozyon dayanımına sahiptir."
YALMAN-1100PT Soğutmalı Keşif ve Gözetleme Sistemi,Sensör ve Optik Özellikleri,"Gündüz Sensörü: 1/1.8 inç Sony CMOS Progressive 1920x1080 2M piksel. Termal Sensör: Soğutmalı MCT 640x512 (1280x1024 Yükseltme). Termal NETD: 25mK'ye eşit veya daha küçük. Odak Uzaklığı: Gündüz 15-1200 mm, Termal 33-1100 mm. Zoom: Gündüz 80X, Termal 33X. FOV: Gündüz 29.1x16.6 dereceden 0.4x0.2 dereceye kadar, Termal 18.2x14.6 dereceden 0.5x0.4 dereceye kadar. Minimum Aydınlatma: Renkli 0.005Lux/F1.5."
YALMAN-1100PT Soğutmalı Keşif ve Gözetleme Sistemi,PTZ ve Çevresel Özellikler,"Hız: Yatay 0.01-120 derece/sn, Dikey 0.01-60 derece/sn. Menzil: Yatay 360 derece sürekli dönüş, Dikey -90 ile +90 derece arası. Güç: 48V DC, Ortalama 100W, Maksimum 200W. Çalışma Sıcaklığı: -32 derece ile +65 derece arası. Koruma Sınıfı: IP66, TVS 6000V Yıldırım Koruması. Boyut: 525x860x625 mm. Ağırlık: 80 kg'a eşit veya daha az."
YALMAN-1100PT Soğutmalı Keşif ve Gözetleme Sistemi,Ağ ve Performans Özellikleri,"Ağ Protokolleri: ONVIF, HTTP, RTSP, RTP, TCP, UDP. LRF (Lazer Mesafe Ölçer): 20 km. Akıllı Video Gözetimi: Hareket, Sanal Sınır İhlali, İzinsiz Giriş vb. Hedef Menzili: Tespit 84.300m, Teşhis 28.150m, Tanıma 14.050m."
DELTA-1100PT Keşif ve Gözetleme Sistemi,Genel Özellikler,"DELTA-1100PT, optik sis giderme, HLC, BLC, WDR destekler. Ağ çıkışı sağlar, MWIR, görünür kamera ve LRF aynı web arayüzüne ve analiz özelliklerine sahiptir. 1 milyondan fazla döngü ömrüne sahip motor ile 24 saat kesintisiz çalışmayı destekler. Tekrarlanabilir konumlandırma hassasiyeti ve güç kesintisinde kendinden kilitleme özelliği vardır. ONVIF desteklidir, önde gelen VMS ve ağ cihazlarıyla uyumludur. Korozyon dayanım derecesi ASTM B117 / ISO 9227 standartlarına uygundur."
DELTA-1100PT Keşif ve Gözetleme Sistemi,Sensör ve Optik Özellikleri,"Gündüz Sensörü: 1/1.8 inç Sony CMOS Progressive 2688x1520 4M piksel. Termal Sensör: Soğutmalı MCT 640x512 (1280x1024 yükseltme). Termal NETD: 20mK'ye eşit veya daha küçük. Odak Uzaklığı: Gündüz 15-1200 mm, Termal 33-1100 mm. Zoom: Gündüz 80X, Termal 10X. FOV: Gündüz 29.1x16.6 dereceden 0.4x0.2 dereceye kadar, Termal 18.2x14.6 dereceden 0.5x0.4 dereceye kadar. Minimum Aydınlatma: Renkli 0.005Lux/F1.5."
DELTA-1100PT Keşif ve Gözetleme Sistemi,PTZ ve Çevresel Özellikler,"Hız: Yatay 0.01-120 derece/sn, Dikey 0.01-60 derece/sn. Menzil: Yatay 360 derece sürekli dönüş, Dikey -90 ile +90 derece arası. Güç: 48V DC, Ortalama 100W, Maksimum 200W. Çalışma Sıcaklığı: -40 derece ile +70 derece arası. Koruma Sınıfı: IP66, TVS 6000V Yıldırım Koruması. Boyut: 525x860x625 mm. Ağırlık: 82 kg'a eşit veya daha az."
DELTA-1100PT Keşif ve Gözetleme Sistemi,Ağ ve Performans Özellikleri,"Ağ Protokolleri: ONVIF, HTTP, RTSP, RTP, TCP, UDP. Sıkıştırma: H.265, H.264, MJPEG. Depolama: TF Kart destekli. LRF: Büyük hedefler için 20 km. Akıllı Video Gözetimi: Akıllı Kayıt, Hareket, Sanal Sınır İhlali, İzinsiz Giriş vb. Hedef Menzili (İnsan): Tespit 34.900m, Teşhis 11.600m, Tanıma 5.800m. Hedef Menzili (Araç): Tespit 84.300m, Teşhis 28.150m, Tanıma 14.050m."
BARKIN-2D Taşınabilir İki Boyutlu Duvar Arkası Görüntüleme Radarı,Genel Özellikler,"BARKIN-2D Elde taşınabilir 2D Duvar Arkası Görüntüleme Radarı, UWB radar ve biyomedikal mühendislik teknolojisini entegre eden bir hayati bulgu tespit cihazıdır. Bu ürün, bina duvarları gibi engellerin arkasına nüfuz ederek, arkalarındaki insan hedeflerin konumunu ve sayısını gerçek zamanlı olarak tespit edebilir. Güçlü nüfuz kabiliyeti, küçük ve taşınabilir tasarımı ile tek elle kolayca kontrol edilebilir. BARKIN-2D; terörle mücadele, rehine kurtarma, şehir içi çatışmalar ve sınır kontrolü gibi duvar arkası keşif senaryolarında yaygın olarak kullanılmaktadır."
BARKIN-2D Taşınabilir İki Boyutlu Duvar Arkası Görüntüleme Radarı,Teknik Özellikler,"Cihaz Tipi: Elde Taşınabilir 2D Duvar Arkası Görüntüleme Radarı. Görüntüleme Modu: 2D. Nüfuz Edilebilen Malzemeler: Tuğlalar, döşeme plakaları, taş levhalar, kapılar ve beton duvarlar gibi metal içermeyen, düşük nem oranına sahip nesneler. Tespit Bilgisi: Hedef iki boyutlu koordinatları, hedef sayısı, dinamik/statik durum, tek boyutlu dalga formu ve iç yapı düzeni. Tespit Menzili: 40m. FOV: 120 dereceye eşit veya daha büyük. Çoklu Hedef Tespiti: 3 veya daha fazla hedef. Çalışma Süresi: İki batarya ile 4 saat veya daha fazla. Boyut: 255mm x 105mm x 38mm. Ağırlık: Batarya dahil 0.8kg."
KURSAD-20A Yer Gözetleme Radarı,Genel Özellikler,"KURSAD-20A, kara güvenliği gözetimi için özel olarak tasarlanmış bir Ku-band darbe Doppler radarıdır. Kara hedeflerini geniş alanlarda, sürekli ve yüksek hassasiyetle arayıp izleyebilmenin yanı sıra anlık çoklu hedef takibi de gerçekleştirebilir. Yalnızca kara personeli ve araçlarını izlemekle kalmaz, aynı zamanda alçak irtifa drone tehditlerine karşı da etkili bir şekilde uyarı sağlar. Yüksek tespit hassasiyeti, geniş kapsama alanı, kolay kurulum ve her zaman her hava koşulunda çalışabilme avantajlarına sahiptir. Sistem hafif, kompakt, basit yapılıdır ve hızlıca kurulup sökülebilir."
KURSAD-20A Yer Gözetleme Radarı,Detaylı Sistem Özellikleri,"Mikro Hedef Tespiti: Faz dizili hızlı tarama ve yüksek veri yenileme hızı ile düşük, küçük ve yavaş hedefleri tespit eder. Çoklu Hedef İşleme: Aktif faz dizili sistem ile 256 hedefe kadar izleme kapasitesi sunar. Yüksek Hassasiyet: 3 metre menzil doğruluğu ve 10 metre menzil çözünürlüğü sunar. Çevresel Uyum: Tam sızdırmaz tasarım, mükemmel rüzgar direnci, toz/kum geçirmezlik ve suya/neme karşı dayanıklıdır. Kolay Kurulum: Ethernet iletişim arayüzü ve entegre tasarımı vardır. Entegrasyon: Bağımsız kurulabilir veya çoklu cihazla entegre edilebilir, çeşitli güvenlik izleme platformları ve alarm sistemleriyle uyumludur."
KURSAD-20A Yer Gözetleme Radarı,Teknik Parametreler,"Frekans Bandı: Ku Band. İşletim Sistemi: Azimuth Mekanik Tarama, Yükseliş senkron. Yatay Açı Menzili: -45 ile +45 derece arası. Düşey Açı Menzili: 8 derece. Tespit Menzili: Dron için 3 km'den büyük, İnsan için 7 km'den büyük, Araç için 15 km'den büyük. Hız Çözünürlüğü: 0.2m/s ile 80m/s arası. Minimum Menzil: 90m. Mesafe Doğruluğu/Çözünürlüğü: 3m/10m. Yatay Açı Çözünürlüğü: 3 derece. Veri Yenileme Hızı: 10Hz'den büyük. Boyut: 575x282x97mm'ye eşit veya küçük. Ağırlık: 18kg'a eşit veya daha hafif. IP Seviyesi: IP66. Güç: AC220V/50Hz veya SC24VDC, Maksimum 130W. Çalışma Sıcaklığı: -40 derece ile +65 derece arası."
RAYPATH Lazer Tabanlı Hibrit İletişim Sistemi,Genel Özellikler,"FSO/Lazer İletişim Sistemi (LCS), noktadan-noktaya yüksek hızlı, geniş bant kablosuz bağlantı sağlayan lazer iletişim sistemlerinden oluşur. Bu sistemler, karıştırıcılara, elektronik harp unsurlarına ve dinlemeye karşı korumalıdır, lisans gerektirmez ve taşınabilir yapısıyla kolayca kurulabilir. Hibrit çalışma prensibine sahiptir; lazer hattı fiziksel bir engelle kesildiğinde sistem otomatik olarak RF (radyo frekansı) iletişimine geçer. Bu sayede bağlantı asla kopmaz ve her hava koşulunda kesintisiz, güvenilir bir iletişim sağlanır."
RAYPATH Lazer Tabanlı Hibrit İletişim Sistemi,Teknik Özellikler,"Lazer Genel Özellikleri: Veri Aktarım Hızı 1 Gbps. Mesafe: 11.000 metre. Gecikme: 250us. Kullanıcı Arayüzü: RJ45 ve SFP. Standart: IEEE 802.3. Ağırlık: 10 kg'dan az. Güç: 56 W'tan az. Yedek Kanal Özellikleri: Yedek Kanal olarak RF kullanılır. RF Hızı: 350 Mbps. Frekans: 5-6 GHz. RF Gücü: 16 W. İzleme: IP-Firmware. Yapılandırma: SNMP."
RAYPATH Lazer Tabanlı Hibrit İletişim Sistemi,Uygulama Alanları,"Askeri İletişim ve Bilgi Sistemleri, Uydu Sistem Kurulum Merkezleri, Güvenlik Üs Bölgesi ile Tümen/Tugay/Tabur arası iletişim, RF sessizliği gerektiren alanlar, Anti-drone sistemlerinin konuşlandırıldığı üs bölgeleri, Askeri tatbikatlar, RF yoğunluğu yüksek operasyon bölgeleri, Ekstra güvenlik gerektiren alanlar, Açık alan kablosuz erişim, Depolama alanı ağları, Son nokta (last-mile) erişim, Kurumsal bağlantı, Fiber yedekleme, Noktadan noktaya bağlantılar ve Muharebe Elektronik Bilgi Sistemleri gibi geniş bir uygulama yelpazesine sahiptir."